edge_id,source_id,source_label,source_type,target_id,target_label,target_type,relationship,date,date_note,source_document,db1_row,confidence,notes
E01,llewellin-jones,Llewellin (Lewellen) Jones,person,mary-anderson-jones,Mary Anderson Jones,person,spouse_of,1792-10-22,,"Louisa County marriage register, DGS 007578998 (film 32190), image 61 of 527",176,confirmed_primary,"22 Oct 1792, Louisa County VA"
E02,mary-anderson-jones,Mary Anderson Jones,person,llewellin-jones,Llewellin (Lewellen) Jones,person,spouse_of,1792-10-22,,"Louisa County marriage register, DGS 007578998 (film 32190), image 61 of 527",176,confirmed_primary,
E03,mary-anderson-jones,Mary Anderson Jones,person,nelson-anderson,Nelson Anderson,person,daughter_of,1792-10-22,register names her 'dau. of Nelson Anderson',"Louisa County marriage register, DGS 007578998, image 61",176,confirmed_primary,
E04,nelson-anderson,Nelson Anderson,person,mary-anderson-jones,Mary Anderson Jones,person,consented_to_marriage_of,1792-10-22,parental consent recorded in register,"Louisa County marriage register, DGS 007578998, image 61",176,confirmed_primary,
E05,alexander-anderson-louisa,Alexander Anderson (Louisa Co.),person,llewellin-jones,Llewellin (Lewellen) Jones,person,surety_for,1792-10-22,surety on the marriage bond,"Louisa County marriage register, DGS 007578998, image 61",176,confirmed_primary,Kinship to bride/groom unproven; do not assume brother of Mary
E06,martin-baker,Martin Baker,person,marriage-1792,Marriage of Llewellin Jones & Mary Anderson (22 Oct 1792),event,witness_to,1792-10-22,,"Louisa County marriage register, DGS 007578998, image 61",176,confirmed_primary,
E07,andrew-thomson,Andrew Thomson,person,marriage-1792,Marriage of Llewellin Jones & Mary Anderson (22 Oct 1792),event,witness_to,1792-10-22,,"Louisa County marriage register, DGS 007578998, image 61",176,confirmed_primary,
E08,llewellin-jones,Llewellin (Lewellen) Jones,person,marriage-1792,Marriage of Llewellin Jones & Mary Anderson (22 Oct 1792),event,party_to,1792-10-22,,"Louisa County marriage register, DGS 007578998, image 61",176,confirmed_primary,
E09,mary-anderson-jones,Mary Anderson Jones,person,marriage-1792,Marriage of Llewellin Jones & Mary Anderson (22 Oct 1792),event,party_to,1792-10-22,,"Louisa County marriage register, DGS 007578998, image 61",176,confirmed_primary,
E10,nelson-anderson,Nelson Anderson,person,frances-anderson,Frances Anderson (nee Jackson),person,spouse_of,1794,by Jan 1794 (chancery bill names 'wife Frances'),Louisa County chancery cause 1794-011,,confirmed_primary,Staged memo 2026-09-28; not yet folded to DB1
E11,frances-anderson,Frances Anderson (nee Jackson),person,nelson-anderson,Nelson Anderson,person,spouse_of,1794,,Louisa County chancery cause 1794-011,,confirmed_primary,
E12,frances-anderson,Frances Anderson (nee Jackson),person,thomas-jackson,Thomas Jackson (Louisa Co.),person,daughter_of,1802-02,confirmed by 1802 bill,Louisa County chancery cause 1802-013,,confirmed_primary,
E13,thomas-jackson,Thomas Jackson (Louisa Co.),person,ann-jackson,Ann Jackson (widow of Thomas),person,spouse_of,1794,will names 'my wife Ann',Louisa chancery 1802-013 quoting will verbatim,,confirmed_primary,
E14,ann-jackson,Ann Jackson (widow of Thomas),person,thomas-jackson,Thomas Jackson (Louisa Co.),person,spouse_of,1794,,Louisa chancery 1802-013 quoting will verbatim,,confirmed_primary,
E15,frances-anderson,Frances Anderson (nee Jackson),person,elizabeth-jackson-brittain,Elizabeth Jackson Brittain,person,sister_of,1794,bill: Elizabeth Jackson is Frances's sister,Louisa County chancery cause 1794-011,,confirmed_primary,
E16,elizabeth-jackson-brittain,Elizabeth Jackson Brittain,person,lyddall-brittain,Lyddall Brittain (Britton),person,spouse_of,1794,,Louisa County chancery cause 1794-011,,confirmed_primary,
E17,lyddall-brittain,Lyddall Brittain (Britton),person,nelson-anderson,Nelson Anderson,person,brother_in_law_of,1794,"via Elizabeth Jackson, Frances's sister",Louisa County chancery cause 1794-011,,confirmed_primary,
E18,nelson-anderson,Nelson Anderson,person,lyddall-brittain,Lyddall Brittain (Britton),person,plaintiff_against,1794-01,bill in chancery v. Lyddal Britton,Louisa County chancery cause 1794-011,,confirmed_primary,Suit between brothers-in-law
E19,nelson-anderson,Nelson Anderson,person,turner-anderson,Turner Anderson,person,co_bondsman_with,1794-01-13,£62 injunction bond to Lyddall Britton,Louisa County chancery cause 1794-011,,confirmed_primary,Turner Anderson: new name; relationship to Nelson unknown; DO NOT MERGE with any other Turner
E20,turner-anderson,Turner Anderson,person,nelson-anderson,Nelson Anderson,person,co_bondsman_with,1794-01-13,,Louisa County chancery cause 1794-011,,confirmed_primary,
E21,bond-1794,"Injunction bond, £62 (13 Jan 1794)",event,lyddall-brittain,Lyddall Brittain (Britton),person,posted_to,1794-01-13,staying execution of Britton's judgment against Nelson,Louisa County chancery cause 1794-011,,confirmed_primary,
E22,nelson-anderson,Nelson Anderson,person,bond-1794,"Injunction bond, £62 (13 Jan 1794)",event,party_to,1794-01-13,,Louisa County chancery cause 1794-011,,confirmed_primary,
E23,turner-anderson,Turner Anderson,person,bond-1794,"Injunction bond, £62 (13 Jan 1794)",event,party_to,1794-01-13,,Louisa County chancery cause 1794-011,,confirmed_primary,
E24,thomas-jackson,Thomas Jackson (Louisa Co.),person,will-thomas-jackson,Will of Thomas Jackson (proved 12 Apr 1796),event,testator_of,1794-11-28,"will dated 28 Nov 1794, proved 12 Apr 1796",Louisa chancery 1802-013 quoting will verbatim,,confirmed_primary,
E25,ann-jackson,Ann Jackson (widow of Thomas),person,thomas-jackson-estate,Estate of Thomas Jackson,estate,life_tenant_of,1794-11-28,"residue to widow for life, then 9 equal shares",Louisa chancery 1802-013 quoting will verbatim,,confirmed_primary,Ann Jackson died 1801; life estate then fell in
E26,nelson-anderson,Nelson Anderson,person,thomas-jackson-estate,Estate of Thomas Jackson,estate,received_cash_in_lieu_from,1794,"£60 'in lieu of a negro', paid to Nelson; reduced Frances's share",Louisa chancery 1802-013 quoting will verbatim,,confirmed_primary,Capital explicitly priced as the value of an enslaved person entered Nelson's household
E27,frances-anderson,Frances Anderson (nee Jackson),person,thomas-jackson,Thomas Jackson (Louisa Co.),person,heir_of,1802-02,one of 9 shares; share reduced by the £60,Louisa County chancery cause 1802-013,,confirmed_primary,
E28,charles-jackson,Charles Jackson (executor),person,thomas-jackson,Thomas Jackson (Louisa Co.),person,executor_of,1802-02,,Louisa County chancery cause 1802-013,,confirmed_primary,
E29,john-jackson-executor,John Jackson (executor),person,thomas-jackson,Thomas Jackson (Louisa Co.),person,executor_of,1802-02,,Louisa County chancery cause 1802-013,,confirmed_primary,
E30,nelson-anderson,Nelson Anderson,person,charles-jackson,Charles Jackson (executor),person,plaintiff_against,1802-02,bill to force division of estate,Louisa County chancery cause 1802-013,,confirmed_primary,Sued in his capacity as executor
E31,nelson-anderson,Nelson Anderson,person,john-jackson-executor,John Jackson (executor),person,plaintiff_against,1802-02,,Louisa County chancery cause 1802-013,,confirmed_primary,
E32,frances-anderson,Frances Anderson (nee Jackson),person,nelson-anderson,Nelson Anderson,person,co_complainant_with,1802-02,joint bill with the other Jackson heirs,Louisa County chancery cause 1802-013,,confirmed_primary,
E33,joel-walton,Joel Walton,person,division-1802,Division of Thomas Jackson's estate (16 Feb 1802),event,commissioner_of,1802-02-16,,"Louisa County chancery cause 1802-013, division report",,confirmed_primary,
E34,thomas-gardner,Thomas Gardner,person,division-1802,Division of Thomas Jackson's estate (16 Feb 1802),event,commissioner_of,1802-02-16,,"Louisa County chancery cause 1802-013, division report",,confirmed_primary,Later administrator de bonis non of Alexander Anderson's estate
E35,samuel-overton,Samuel Overton,person,division-1802,Division of Thomas Jackson's estate (16 Feb 1802),event,commissioner_of,1802-02-16,,"Louisa County chancery cause 1802-013, division report",,confirmed_primary,
E36,davy-enslaved,Davy (enslaved),person,frances-anderson,Frances Anderson (nee Jackson),person,allotted_to,1802-02-16,valued £90,"Louisa chancery 1802-013, division report",,confirmed_primary,Placed in Nelson and Frances Anderson's household; forward trace open
E37,queen-enslaved,Queen (enslaved),person,frances-anderson,Frances Anderson (nee Jackson),person,allotted_to,1802-02-16,valued £25,"Louisa chancery 1802-013, division report",,confirmed_primary,Placed in Nelson and Frances Anderson's household; forward trace open
E38,young-ben-enslaved,Young Ben (enslaved),person,elizabeth-brittain-children,Children of Elizabeth Brittain,person,allotted_to,1802-02-16,valued £110,"Louisa chancery 1802-013, division report",,confirmed_primary,
E39,james-enslaved,James (enslaved),person,william-jackson-children,Children of William Jackson,person,allotted_to,1802-02-16,valued £110,"Louisa chancery 1802-013, division report",,confirmed_primary,
E40,burkett-enslaved,Burkett (enslaved),person,ann-christmass,Ann Christmass,person,allotted_to,1802-02-16,valued £110,"Louisa chancery 1802-013, division report",,confirmed_primary,
E41,young-charles-enslaved,Young Charles (enslaved),person,thomas-jackson-jr,Thomas Jackson (son/heir),person,allotted_to,1802-02-16,valued £100,"Louisa chancery 1802-013, division report",,confirmed_primary,
E42,ben-enslaved,Ben (enslaved),person,thomas-jackson-jr,Thomas Jackson (son/heir),person,allotted_to,1802-02-16,valued £15,"Louisa chancery 1802-013, division report",,confirmed_primary,
E43,old-amy-enslaved,old Amy (enslaved),person,anna-white,Anna White,person,allotted_to,1802-02-16,part of £80 lot,"Louisa chancery 1802-013, division report",,confirmed_primary,
E44,caroline-enslaved,Caroline (enslaved),person,anna-white,Anna White,person,allotted_to,1802-02-16,part of £80 lot,"Louisa chancery 1802-013, division report",,confirmed_primary,
E45,vilet-enslaved,"Vilet (enslaved, reading uncertain)",person,anna-white,Anna White,person,allotted_to,1802-02-16,part of £80 lot; name reading uncertain,"Louisa chancery 1802-013, division report",,confirmed_primary,Name reading marked (?) in memo
E46,hannah-enslaved,Hannah (enslaved),person,anna-white,Anna White,person,allotted_to,1802-02-16,valued £36,"Louisa chancery 1802-013, division report",,confirmed_primary,
E47,aron-enslaved,Aron (enslaved),person,mary-parsons-children,Children of Mary Parsons,person,allotted_to,1802-02-16,valued £40,"Louisa chancery 1802-013, division report",,confirmed_primary,
E48,peter-enslaved,Peter (enslaved),person,mary-parsons-children,Children of Mary Parsons,person,allotted_to,1802-02-16,valued £15,"Louisa chancery 1802-013, division report",,confirmed_primary,
E49,isly-enslaved,"Isly (enslaved, reading uncertain)",person,william-jackson-heir,William Jackson (heir),person,allotted_to,1802-02-16,valued £65; name reading uncertain,"Louisa chancery 1802-013, division report",,confirmed_primary,Name reading marked (?) in memo
E50,amy-enslaved,Amy (enslaved),person,william-jackson-heir,William Jackson (heir),person,allotted_to,1802-02-16,valued £40,"Louisa chancery 1802-013, division report",,confirmed_primary,
E51,old-morris-enslaved,Old Morris (enslaved),person,charles-jackson,Charles Jackson (executor),person,allotted_to,1802-02-16,valued £50,"Louisa chancery 1802-013, division report",,confirmed_primary,
E52,phillis-enslaved,Phillis (enslaved),person,charles-jackson,Charles Jackson (executor),person,allotted_to,1802-02-16,valued £12,"Louisa chancery 1802-013, division report",,confirmed_primary,
E53,nick-enslaved,Nick (enslaved),person,charles-jackson,Charles Jackson (executor),person,allotted_to,1802-02-16,valued £75,"Louisa chancery 1802-013, division report",,confirmed_primary,
E54,dick-enslaved,Dick (enslaved),person,charles-jackson,Charles Jackson (executor),person,allotted_to,1802-02-16,valued £15,"Louisa chancery 1802-013, division report",,confirmed_primary,
E55,alexander-anderson-louisa,Alexander Anderson (Louisa Co.),person,garrett-minor,Garrett Minor (justice),person,oath_sworn_before,1790-09-05,"sworn poll officer, before Justice Garrett Minor","Louisa Will Book 1, loose poll p. 83 (volunteer transcription, UNVERIFIED vs manuscript)",,confirmed_secondary,Transcription unverified against manuscript
E56,alexander-anderson-louisa,Alexander Anderson (Louisa Co.),person,louisa-county-va,"Louisa County, Virginia",place,voted_in,1790;1792,polls 5 Sep 1790 and 4 Feb 1792,"Louisa Will Book 1, loose polls (volunteer transcription)",,confirmed_secondary,
E57,nelson-anderson,Nelson Anderson,person,louisa-county-va,"Louisa County, Virginia",place,voted_in,1790;1792,"voter #87 (1790), #32 (1792)","Louisa Will Book 1, loose polls (volunteer transcription)",,confirmed_secondary,1794 candidacy split to E100 as a lead (unverified reading)
E58,turner-anderson,Turner Anderson,person,louisa-county-va,"Louisa County, Virginia",place,voted_in,1790;1792,"poll #11 (1790), #64 (1792)","Louisa Will Book 1, loose polls (volunteer transcription)",,confirmed_secondary,
E59,alexander-anderson-louisa,Alexander Anderson (Louisa Co.),person,lucy-thomson,Lucy Thomson,person,reported_spouse_of,1793-12-23,reported marriage 23 Dec 1793; UNVERIFIED,W.P. Anderson genealogy (secondary),,lead,Louisa register should contain this entry; free FamilySearch index search is the next move
E60,thomas-gardner,Thomas Gardner,person,alexander-anderson-louisa,Alexander Anderson (Louisa Co.),person,administrator_de_bonis_non_of,,per Bedford chancery 1834-017,Bedford County chancery cause 1834-017,,confirmed_secondary,Memo rests on chancery abstract; administration papers not yet located
E61,alexander-anderson-estate,Estate of Alexander Anderson,estate,nelson-anderson-estate,Estate of Nelson Anderson,estate,litigant_against,1834,administrator v. administrator,Bedford County chancery cause 1834-017,,confirmed_secondary,Does not by itself prove kinship between the two Andersons
E62,john-s-jones,John S. Jones,person,nelson-anderson,Nelson Anderson,person,grandson_of,1834,£200 legacy to grandchild,Bedford County chancery cause 1834-017,,confirmed_secondary,
E63,alexander-p-jones,Alexander P. Jones,person,nelson-anderson,Nelson Anderson,person,grandson_of,1834,£200 legacy to grandchild,Bedford County chancery cause 1834-017,,confirmed_secondary,
E64,frances-a-m-perkins,Frances A. M. Perkins,person,nelson-anderson,Nelson Anderson,person,granddaughter_of,1834,£200 legacy to grandchild,Bedford County chancery cause 1834-017,,confirmed_secondary,
E65,john-s-jones,John S. Jones,person,mary-anderson-jones,Mary Anderson Jones,person,son_of,1834,,"Bedford chancery 1834-017; DB1 row 176 (1792 marriage row - names no children)",176,lead,"INFERENTIAL: no record names Mary as this child's mother. DB1 row 688 col G marks the parentage question Unresolved (which Anderson child - Mary? Ann C. Thompson? a deceased child? Jessee Anderson? - married into the Jones line). Name variant: edge uses John S. Jones; DB1 rows 688/869 read John N. S. Jones / John Nelson Spotswood Jones."
E66,alexander-p-jones,Alexander P. Jones,person,mary-anderson-jones,Mary Anderson Jones,person,son_of,1834,,"Bedford chancery 1834-017; DB1 row 176 (1792 marriage row - names no children)",176,lead,"INFERENTIAL: no record names Mary as this child's mother. DB1 row 688 col G marks the parentage question Unresolved (which Anderson child - Mary? Ann C. Thompson? a deceased child? Jessee Anderson? - married into the Jones line)."
E67,frances-a-m-perkins,Frances A. M. Perkins,person,mary-anderson-jones,Mary Anderson Jones,person,daughter_of,1834,,"Bedford chancery 1834-017; DB1 row 176 (1792 marriage row - names no children)",176,lead,"INFERENTIAL: no record names Mary as Frances's mother. DB1 row 688 col G marks the Frances parentage question Unresolved; the 1792 marriage and Nelson witnessing the 1805 deed (DB1 row 869) make Mary the best-supported answer but it is not proven."
E68,john-s-jones,John S. Jones,person,llewellin-jones,Llewellin (Lewellen) Jones,person,son_of,1834,,"Bedford chancery 1834-017; DB1 row 688 - Lewellen's 1818 will names sons John N. S. and Alexander P. Jones",176,confirmed_secondary,
E69,alexander-p-jones,Alexander P. Jones,person,llewellin-jones,Llewellin (Lewellen) Jones,person,son_of,1834,,"Bedford chancery 1834-017; DB1 row 688 - Lewellen's 1818 will names sons John N. S. and Alexander P. Jones",176,confirmed_secondary,
E70,frances-a-m-perkins,Frances A. M. Perkins,person,llewellin-jones,Llewellin (Lewellen) Jones,person,daughter_of,1834,,"Bedford chancery 1834-017; DB1 row 688 - Lewellen's 1818 will names daughter Frances A. M. Perkins; DB1 row 869 - 1805 deed of gift",176,confirmed_secondary,
E71,nelson-anderson,Nelson Anderson,person,john-anderson-nelson-son,"John Anderson (son of Nelson, decd.)",person,father_of,1834,deceased son John Anderson,Bedford County chancery cause 1834-017,,confirmed_secondary,
E72,nelson-anderson,Nelson Anderson,person,mary-perkins,"Mary Perkins (nee Anderson, decd.)",person,father_of,1834,deceased daughter Mary Perkins,Bedford County chancery cause 1834-017,,confirmed_secondary,Maiden name Anderson presumed from context; mark uncertain
E73,mary-perkins,"Mary Perkins (nee Anderson, decd.)",person,benjamin-perkins,Benjamin Perkins,person,spouse_of,1834,wife of Benjamin Perkins,Bedford County chancery cause 1834-017,,confirmed_secondary,NOT Mary Anderson Jones — do-not-merge (E84)
E74,jesse-anderson,Jesse Anderson,person,nelson-anderson,Nelson Anderson,person,son_of,1834,'children of deceased Jesse Anderson' appearing in 1834-017 party list,Bedford County chancery cause 1834-017,,lead,"INFERENCE BASIS: the phrase 'children of deceased Jesse Anderson' appears in the 1834-017 party list; son_of is inferred, not stated. ALTERNATIVE: if Jesse's children are mere parties/witnesses rather than taking a distributive share per stirpes, no kinship follows. Weakest edge in pilot; 1834-017 manuscript read needed."
E75,jesse-anderson,Jesse Anderson,person,elizabeth-west-jones,Elizabeth West Jones,person,spouse_of,1791-06-21,Louisa County; consent of John Jones,Harrison & Cape ch. 8 p. 127; W.P. Anderson (1938) p. 45,,lead,Date/place carried as Lead
E76,john-jones-louisa,"John Jones (Louisa Co., 1791)",person,elizabeth-west-jones,Elizabeth West Jones,person,consented_to_marriage_of,1791-06-21,,Harrison & Cape ch. 8 p. 127; W.P. Anderson (1938) p. 45,,lead,
E77,nelson-anderson,Nelson Anderson,person,will-nelson-1819,Will of Nelson Anderson (17 Feb 1819 / proved 28 Aug 1820),event,testator_of,1819-02-17,"proved 28 Aug 1820, Bedford Will Book 5, pp. 213-215","Bedford County Will Book 5, pp. 213-215 (via chancery abstract; manuscript not yet visually read)",,confirmed_secondary,
E78,labon-kenny,Labon Kenny,person,will-nelson-1819,Will of Nelson Anderson (17 Feb 1819 / proved 28 Aug 1820),event,named_in,1819-02-17,enslaved person named in will,Nelson Anderson will; DB1 Anderson-pass fold-in 2026-09-23,,confirmed_secondary,Dedup remainder; Sylvia Kenney/Rook/Reubin/Milly/Tilly/Isaac/William Kenny already in DB1
E79,elizabeth-jones-unresolved,Elizabeth Jones (formerly Anderson - identity unresolved),person,elizabeth-jones-unresolved,Elizabeth Jones (formerly Anderson - identity unresolved),person,identity_unresolved,,1834-017: 'Elizabeth Jones formerly Anderson'; could be Jesse's widow or another Anderson daughter,Bedford County chancery cause 1834-017,,unresolved,DO NOT MERGE with Elizabeth West Jones or any other Elizabeth without direct evidence
E80,turner-anderson,Turner Anderson,person,turner-moore,Turner Moore,person,do_not_merge_with,,standing do-not-merge,Project do-not-merge register,,do_not_merge,1834-017 Turner Anderson is a Louisa bondsman; Turner Moore is Columbus Jones's father (d. Mar 1867)
E81,turner-anderson,Turner Anderson,person,turner-jones,Turner Jones,person,do_not_merge_with,,standing do-not-merge,Project do-not-merge register,,do_not_merge,Turner Jones is Columbus's brother (alive 1867)
E82,nelson-a-thompson,Nelson A. Thompson,person,nelson-anderson,Nelson Anderson,person,do_not_merge_with,,standing do-not-merge,Anderson-pass fold-in 2026-09-23,,do_not_merge,Louisa-Madison migrant (1850 census age 60); distinct from the planter
E83,lewis-anderson-madison,Lewis Anderson (Madison Co.),person,nelson-anderson,Nelson Anderson,person,kinship_unresolved_with,,not assumed related to Mary or Nelson,Anderson-network memo 2026-09-28,,unresolved,Only Anderson holding Madison County land; forward trail cold after 1840
E84,mary-perkins,"Mary Perkins (nee Anderson, decd.)",person,mary-anderson-jones,Mary Anderson Jones,person,do_not_merge_with,,1834-017 distinguishes them,Bedford County chancery cause 1834-017,,do_not_merge,"Two different Marys: one married Llewellin Jones, one married Benjamin Perkins"
E85,lewis-anderson-madison,Lewis Anderson (Madison Co.),person,sec18-t3s-r3e,"Sec 18, T3S, R3E (Huntsville Meridian)",place,patentee_of,1831-06-01,"80.32 ac, E1/2 NW1/4, Doc 3130, accession STA-AL1210__.163",BLM GLO,,confirmed_primary,Accession .385 is George Sharp's W1/2NW - not Lewis's
E86,lewis-anderson-madison,Lewis Anderson (Madison Co.),person,madison-county-al,"Madison County, Alabama",place,enumerated_in,1830,"p. 117: white male 40-49, one white female 40-49, no enslaved",1830 federal census manuscript,,confirmed_primary,Born roughly 1781-1790
E87,lewis-anderson-madison,Lewis Anderson (Madison Co.),person,william-law,William Law,person,neighbor_of,1830,"enumerated nearby, 1830 census",1830 federal census manuscript,,lead,Proximity only
E88,jonathan-tipton,Jonathan Tipton,person,reuben-p-jones,Reuben P. Jones,person,grantor_to,1836,conveyed adjoining W1/2 NW1/4 of Sec 18,Madison County deed records (prior research),,confirmed_secondary,
E89,lewis-anderson-madison,Lewis Anderson (Madison Co.),person,reuben-p-jones,Reuben P. Jones,person,adjoining_landholder_with,1836,"adjoining halves of Sec 18, not the same property",Madison County deed records (prior research),,confirmed_secondary,Proves no kinship; places Lewis beside the Jones network
E90,cynthia-jones,Cynthia Jones,person,william-garland-anderson,William Garland Anderson,person,grantor_to,1837,"Deed Book Q, p. 344 - deed itself UNEXAMINED","Madison County Deed Book Q, p. 344 (index only)",,lead,Tract description must be read before treating as a network connection
E91,joseph-anderson,Joseph Anderson,person,llewellin-jones,Llewellin (Lewellen) Jones,person,co_present_with,1816,"1816 Madison census; co-presence, NOT kinship",1816 Madison County census (Anderson pass 2026-09-23),,confirmed_secondary,
E92,peter-anderson,Peter Anderson,person,llewellin-jones,Llewellin (Lewellen) Jones,person,co_present_with,1816,,1816 Madison County census (Anderson pass 2026-09-23),,confirmed_secondary,
E93,abraham-perkins,Abraham Perkins,person,llewellin-jones,Llewellin (Lewellen) Jones,person,co_present_with,1816,,1816 Madison County census (Anderson pass 2026-09-23),,confirmed_secondary,
E94,peter-perkins,Peter Perkins,person,llewellin-jones,Llewellin (Lewellen) Jones,person,co_present_with,1816,,1816 Madison County census (Anderson pass 2026-09-23),,confirmed_secondary,
E95,william-p-anderson,William P. Anderson,person,big-spring-tract,Big Spring quarter-section (claimed 1809),place,claimed_purchase_of,1809-08-25,"Nashville speculator, Jackson circle; Lead only",Anderson-pass fold-in 2026-09-23,,lead,
E96,nelson-anderson,Nelson Anderson,person,louisa-county-court,Louisa County Court,institution,filed_suit_in,1794-01,chancery bill v. Lyddal Britton,Louisa County chancery cause 1794-011,,confirmed_primary,
E97,nelson-anderson,Nelson Anderson,person,louisa-county-court,Louisa County Court,institution,filed_suit_in,1802-02,bill v. executors of Thomas Jackson,Louisa County chancery cause 1802-013,,confirmed_primary,
E98,alexander-anderson-estate,Estate of Alexander Anderson,estate,bedford-county-court,Bedford County Court (chancery),institution,litigated_in,1834,cause 1834-017,Bedford County chancery cause 1834-017,,confirmed_secondary,
E99,nelson-anderson-estate,Estate of Nelson Anderson,estate,bedford-county-court,Bedford County Court (chancery),institution,litigated_in,1834,cause 1834-017,Bedford County chancery cause 1834-017,,confirmed_secondary,
E100,nelson-anderson,Nelson Anderson,person,louisa-county-va,"Louisa County, Virginia",place,voted_in,1794,poll reads as Delegates candidacy (UNVERIFIED reading),"Louisa Will Book 1, loose polls (volunteer transcription)",,lead,"Split from E57: the 1794 candidacy reading is explicitly unverified; needs manuscript read. Never display as fact."
